hash	path
a9bbed26c075423543b98c4e30c3da428390cb94	04_Resources/Assets/download 1.gif
a9bbed26c075423543b98c4e30c3da428390cb94	04_Resources/Assets/download.gif
2232cb208f486bdaf956f4c0dabcb16962fff7d4	04_Resources/Assets/Pasted image 20240702203106.png
2232cb208f486bdaf956f4c0dabcb16962fff7d4	04_Resources/Assets/Pasted image 20240702203102.png
2232cb208f486bdaf956f4c0dabcb16962fff7d4	04_Resources/Assets/Pasted image 20240630203445.png
da39a3ee5e6b4b0d3255bfef95601890afd80709	04_Resources/Assets/Placeholder Images/DefaultImage.png
da39a3ee5e6b4b0d3255bfef95601890afd80709	04_Resources/Assets/Placeholder Images/DefaultMonster.png
da39a3ee5e6b4b0d3255bfef95601890afd80709	04_Resources/Assets/Placeholder Images/CombatDefault.png
da39a3ee5e6b4b0d3255bfef95601890afd80709	04_Resources/Assets/Placeholder Images/DefaultItem.png
